field_id,mukey,musym,muname,overlap_area_m2,field_area_m2,field_fraction
STORY-01,411283,138C2,"Clarion loam, 6 to 10 percent slopes, moderately eroded",8690.241289362026,133019.9531652581,0.06533035896175407
STORY-01,411311,385,"Guckeen clay loam, 1 to 3 percent slopes",4373.915086599058,133019.9531652581,0.0328816465689557
STORY-01,411315,388,"Kossuth silty clay loam, 0 to 2 percent slopes",64042.505524114546,133019.9531652581,0.4814503689123313
STORY-01,411328,52B,"Bode clay loam, 2 to 6 percent slopes",38576.928972886635,133019.9531652581,0.29000858935020346
STORY-01,411347,956,"Harps-Okoboji complex, 0 to 2 percent slopes",17336.36229229149,133019.9531652581,0.13032903620672276
STORY-02,2765547,138B,"Clarion loam, 2 to 6 percent slopes",121756.33940767622,501435.0304176921,0.2428157827470769
STORY-02,2800481,55,"Nicollet clay loam, 1 to 3 percent slopes",36007.340364435084,501435.0304176921,0.07180858571935272
STORY-02,2835032,107,"Webster clay loam, 0 to 2 percent slopes",36429.674212387086,501435.0304176921,0.07265083610541012
STORY-02,411283,138C2,"Clarion loam, 6 to 10 percent slopes, moderately eroded",20482.916507915972,501435.0304176921,0.04084859506296127
STORY-02,411304,253B,"Farrar fine sandy loam, 2 to 5 percent slopes",25941.332939131855,501435.0304176921,0.051734185618270215
STORY-02,411317,41B,"Sparta loamy fine sand, 2 to 5 percent slopes",5610.7235720484205,501435.0304176921,0.011189333077457163
STORY-02,411327,507,"Canisteo clay loam, 0 to 2 percent slopes",50817.16847533273,501435.0304176921,0.10134347501211145
STORY-02,411333,6,"Okoboji silty clay loam, 0 to 1 percent slopes",46971.010650406286,501435.0304176921,0.09367317359395443
STORY-02,411346,95,"Harps clay loam, 0 to 2 percent slopes",136282.9626720473,501435.0304176921,0.2717858833247539
STORY-02,411347,956,"Harps-Okoboji complex, 0 to 2 percent slopes",21135.56161637658,501435.0304176921,0.042150149738782304
STORY-03,2765537,L138B,"Clarion loam, Bemis moraine, 2 to 6 percent slopes",108789.66765801619,754925.4179636351,0.14410651048347217
STORY-03,2800480,L55,"Nicollet loam, 1 to 3 percent slopes",78719.78356107225,754925.4179636351,0.10427491469742009
STORY-03,2835021,L107,"Webster clay loam, Bemis moraine, 0 to 2 percent slopes",2633.1960101371787,754925.4179636351,0.0034880213958619426
STORY-03,2922031,L507,"Canisteo clay loam, Bemis moraine, 0 to 2 percent slopes",21179.33538168028,754925.4179636351,0.028054871220007715
STORY-03,411295,203,"Cylinder loam, 0 to 2 percent slopes",23081.892345089924,754925.4179636351,0.030575063172931585
STORY-03,411305,259,"Biscay clay loam, 0 to 2 percent slopes",304990.9460895622,754925.4179636351,0.4040014269386459
STORY-03,411306,274,"Rolfe silt loam, 0 to 1 percent slopes",4241.501349518183,754925.4179636351,0.0056184375947485946
STORY-03,411332,559,"Talcot clay loam, 32 to 40 inches to sand and gravel, 0 to 2 percent slopes",210107.82625760022,754925.4179636351,0.2783160048105854
STORY-03,411333,6,"Okoboji silty clay loam, 0 to 1 percent slopes",1181.2693110988675,754925.4179636351,0.001564749686512436
STORY-04,2765537,L138B,"Clarion loam, Bemis moraine, 2 to 6 percent slopes",62030.532163532334,156377.43001791846,0.39667189924034807
STORY-04,2800480,L55,"Nicollet loam, 1 to 3 percent slopes",26360.747818901076,156377.43001791846,0.16857130735477963
STORY-04,2835021,L107,"Webster clay loam, Bemis moraine, 0 to 2 percent slopes",11260.088592980008,156377.43001791846,0.07200584247796996
STORY-04,2922031,L507,"Canisteo clay loam, Bemis moraine, 0 to 2 percent slopes",56726.061442502076,156377.43001791846,0.36275095092688336
STORY-05,2765537,L138B,"Clarion loam, Bemis moraine, 2 to 6 percent slopes",85862.79450526957,310085.4961461386,0.2769003889972453
STORY-05,2800480,L55,"Nicollet loam, 1 to 3 percent slopes",69930.62851061212,310085.4961461386,0.2255204754164151
STORY-05,2835021,L107,"Webster clay loam, Bemis moraine, 0 to 2 percent slopes",61337.438786948915,310085.4961461386,0.19780815145911085
STORY-05,2922031,L507,"Canisteo clay loam, Bemis moraine, 0 to 2 percent slopes",92954.6343433122,310085.4961461386,0.2997709841272424
STORY-06,2765537,L138B,"Clarion loam, Bemis moraine, 2 to 6 percent slopes",45954.659160569754,150139.67064390428,0.30607939236501536
STORY-06,2800480,L55,"Nicollet loam, 1 to 3 percent slopes",37266.96320543617,150139.67064390428,0.24821529876553797
STORY-06,2835021,L107,"Webster clay loam, Bemis moraine, 0 to 2 percent slopes",50510.31110953521,150139.67064390428,0.33642215207287685
STORY-06,2835194,L95,"Harps clay loam, Bemis moraine, 0 to 2 percent slopes",3991.352035591537,150139.67064390428,0.02658425996589588
STORY-06,2922031,L507,"Canisteo clay loam, Bemis moraine, 0 to 2 percent slopes",12416.385132751328,150139.67064390428,0.08269889683053888
STORY-07,2765547,138B,"Clarion loam, 2 to 6 percent slopes",155392.811356026,359160.32101145986,0.4326558427122795
STORY-07,2800481,55,"Nicollet clay loam, 1 to 3 percent slopes",6638.000530399879,359160.32101145986,0.018481998545123467
STORY-07,2835032,107,"Webster clay loam, 0 to 2 percent slopes",150762.37590092528,359160.32101145986,0.41976345125305436
STORY-07,411282,138C,"Clarion loam, 6 to 10 percent slopes",2642.9297780041074,359160.32101145986,0.007358635192665892
STORY-07,411307,27B,"Terril loam, 2 to 6 percent slopes",12241.323897738233,359160.32101145986,0.034083174508989386
STORY-07,411327,507,"Canisteo clay loam, 0 to 2 percent slopes",10542.27980450855,359160.32101145986,0.029352573733144014
STORY-07,411333,6,"Okoboji silty clay loam, 0 to 1 percent slopes",3039.898853180121,359160.32101145986,0.008463905045577477
STORY-07,411340,638C2,"Clarion-Storden complex, 6 to 10 percent slopes, moderately eroded",16552.12027019646,359160.32101145986,0.0460856038428263
STORY-07,411346,95,"Harps clay loam, 0 to 2 percent slopes",1348.5806204377363,359160.32101145986,0.003754815166218505
STORY-08,2765537,L138B,"Clarion loam, Bemis moraine, 2 to 6 percent slopes",53907.13149642253,244633.86573168766,0.2203584174054929
STORY-08,2800480,L55,"Nicollet loam, 1 to 3 percent slopes",75629.78673985798,244633.86573168766,0.3091550162674864
STORY-08,2835021,L107,"Webster clay loam, Bemis moraine, 0 to 2 percent slopes",46486.86008044573,244633.86573168766,0.19002626615659224
STORY-08,2921879,L956,"Harps-Okoboji complex, Bemis moraine, 0 to 2 percent slopes",16998.845694980548,244633.86573168766,0.06948688663418635
STORY-08,2922031,L507,"Canisteo clay loam, Bemis moraine, 0 to 2 percent slopes",51611.241719946054,244633.86573168766,0.2109734135360998
STORY-09,2765537,L138B,"Clarion loam, Bemis moraine, 2 to 6 percent slopes",14422.385002337125,76181.93192092521,0.1893150336133136
STORY-09,2877334,L138C2,"Clarion loam, Bemis moraine, 6 to 10 percent slopes, moderately eroded",34181.92737151049,76181.93192092521,0.4486881142235984
STORY-09,2916730,L62E2,"Storden loam, Bemis moraine, 10 to 22 percent slopes, moderately eroded",11811.40603762372,76181.93192092521,0.15504209121243656
STORY-09,411279,135,"Coland clay loam, 0 to 2 percent slopes, occasionally flooded",12033.812932924593,76181.93192092521,0.1579615091071117
STORY-09,411285,1585,"Spillville-Coland complex, channeled, 0 to 2 percent slopes",2267.9713726130904,76181.93192092521,0.029770462830572258
STORY-09,411293,201B,"Coland-Terril complex, 1 to 5 percent slopes",1464.4292039164184,76181.93192092521,0.019222789012970375
STORY-10,2765537,L138B,"Clarion loam, Bemis moraine, 2 to 6 percent slopes",216485.11825294915,621490.7140526801,0.34833202388700374
STORY-10,2800480,L55,"Nicollet loam, 1 to 3 percent slopes",98048.94475025091,621490.7140526801,0.15776413473804515
STORY-10,2835021,L107,"Webster clay loam, Bemis moraine, 0 to 2 percent slopes",239816.8544236403,621490.7140526801,0.38587359231776464
STORY-10,2877334,L138C2,"Clarion loam, Bemis moraine, 6 to 10 percent slopes, moderately eroded",20461.91823811901,621490.7140526801,0.0329239323701055
STORY-10,2922031,L507,"Canisteo clay loam, Bemis moraine, 0 to 2 percent slopes",38506.799998822884,621490.7140526801,0.0619587696616154
STORY-10,411333,6,"Okoboji silty clay loam, 0 to 1 percent slopes",8171.078388853352,621490.7140526801,0.013147547025394073
STORY-11,411279,135,"Coland clay loam, 0 to 2 percent slopes, occasionally flooded",29598.811082197164,131835.78862549586,0.22451271684867077
STORY-11,411285,1585,"Spillville-Coland complex, channeled, 0 to 2 percent slopes",8063.422266098623,131835.78862549586,0.061162620182022634
STORY-11,411320,485,"Spillville loam, 0 to 2 percent slopes, occasionally flooded",6641.926490345565,131835.78862549586,0.05038029930714182
STORY-11,411329,536,"Hanlon fine sandy loam, 0 to 2 percent slopes",87501.47069241975,131835.78862549586,0.6637156086727254
STORY-11,411348,W,Water,30.15809443205507,131835.78862549586,0.0002287549894188805
STORY-12,2765537,L138B,"Clarion loam, Bemis moraine, 2 to 6 percent slopes",119617.99116085599,312735.78922512697,0.38248897402256515
STORY-12,2800480,L55,"Nicollet loam, 1 to 3 percent slopes",11092.677120192884,312735.78922512697,0.03546980391236155
STORY-12,2835021,L107,"Webster clay loam, Bemis moraine, 0 to 2 percent slopes",64888.070158240516,312735.78922512697,0.20748527157385874
STORY-12,2835194,L95,"Harps clay loam, Bemis moraine, 0 to 2 percent slopes",19707.782831513505,312735.78922512697,0.06301735685686616
STORY-12,2877334,L138C2,"Clarion loam, Bemis moraine, 6 to 10 percent slopes, moderately eroded",48185.81037068595,312735.78922512697,0.15407833714867458
STORY-12,2922031,L507,"Canisteo clay loam, Bemis moraine, 0 to 2 percent slopes",49243.457583625226,312735.78922512697,0.15746025648563258
STORY-13,2765537,L138B,"Clarion loam, Bemis moraine, 2 to 6 percent slopes",80905.39537530395,222490.76625431387,0.3636348453347793
STORY-13,2800480,L55,"Nicollet loam, 1 to 3 percent slopes",20043.986213559663,222490.76625431387,0.09008906999155535
STORY-13,2835021,L107,"Webster clay loam, Bemis moraine, 0 to 2 percent slopes",48702.80175804112,222490.76625431387,0.21889808093146795
STORY-13,2835194,L95,"Harps clay loam, Bemis moraine, 0 to 2 percent slopes",2646.7869183126386,222490.76625431387,0.0118961652336047
STORY-13,2877334,L138C2,"Clarion loam, Bemis moraine, 6 to 10 percent slopes, moderately eroded",1692.0281995722246,222490.76625431387,0.007604936726399619
STORY-13,2916702,L62D2,"Storden loam, Bemis moraine, 10 to 16 percent slopes, moderately eroded",44978.53740628785,222490.76625431387,0.20215911951544083
STORY-13,411279,135,"Coland clay loam, 0 to 2 percent slopes, occasionally flooded",11748.485472336684,222490.76625431387,0.052804373278609686
STORY-13,411307,27B,"Terril loam, 2 to 6 percent slopes",11772.74491091301,222490.76625431387,0.05291340898820222
STORY-14,2765537,L138B,"Clarion loam, Bemis moraine, 2 to 6 percent slopes",92244.142565605,295170.1173881319,0.3125117927988259
STORY-14,2800480,L55,"Nicollet loam, 1 to 3 percent slopes",74090.06375583204,295170.1173881319,0.2510080099280776
STORY-14,2835021,L107,"Webster clay loam, Bemis moraine, 0 to 2 percent slopes",94613.03175853653,295170.1173881319,0.320537297595494
STORY-14,2835194,L95,"Harps clay loam, Bemis moraine, 0 to 2 percent slopes",2459.0311921420903,295170.1173881319,0.00833089478671245
STORY-14,2922031,L507,"Canisteo clay loam, Bemis moraine, 0 to 2 percent slopes",512.1553670432387,295170.1173881319,0.0017351192985765004
STORY-14,411299,L236C2,"Lester loam, Bemis moraine, 6 to 10 percent slopes, moderately eroded",19705.72481463988,295170.1173881319,0.06676056841054806
STORY-14,411313,356G,"Hayden-Storden loams, 25 to 50 percent slopes",162.9042934753408,295170.1173881319,0.0005518996804853756
STORY-14,411333,6,"Okoboji silty clay loam, 0 to 1 percent slopes",11383.06364084323,295170.1173881319,0.03856441750123082
STORY-15,2765537,L138B,"Clarion loam, Bemis moraine, 2 to 6 percent slopes",41824.14604769068,193551.95976091007,0.21608743253932952
STORY-15,2800480,L55,"Nicollet loam, 1 to 3 percent slopes",50628.891482627376,193551.95976091007,0.26157777759092693
STORY-15,2835021,L107,"Webster clay loam, Bemis moraine, 0 to 2 percent slopes",55452.365962535,193551.95976091007,0.2864986023961417
STORY-15,2835194,L95,"Harps clay loam, Bemis moraine, 0 to 2 percent slopes",17633.680378354373,193551.95976091007,0.09110566692342884
STORY-15,2922031,L507,"Canisteo clay loam, Bemis moraine, 0 to 2 percent slopes",28012.87588971113,193551.95976091007,0.1447305205502168
STORY-16,2765537,L138B,"Clarion loam, Bemis moraine, 2 to 6 percent slopes",153104.41478416708,469364.1047404089,0.3261954061630778
STORY-16,2800480,L55,"Nicollet loam, 1 to 3 percent slopes",34796.03861017385,469364.1047404089,0.07413442625617586
STORY-16,2835021,L107,"Webster clay loam, Bemis moraine, 0 to 2 percent slopes",177872.9796138167,469364.1047404089,0.37896587706082224
STORY-16,2835194,L95,"Harps clay loam, Bemis moraine, 0 to 2 percent slopes",50380.21789797186,469364.1047404089,0.10733717680825984
STORY-16,2922031,L507,"Canisteo clay loam, Bemis moraine, 0 to 2 percent slopes",36763.938585463744,469364.1047404089,0.07832712006342446
STORY-16,411333,6,"Okoboji silty clay loam, 0 to 1 percent slopes",16446.515248783217,469364.1047404089,0.03503999364817062
STORY-17,411279,135,"Coland clay loam, 0 to 2 percent slopes, occasionally flooded",101086.77817207584,300329.8319088265,0.3365858713721238
STORY-17,411285,1585,"Spillville-Coland complex, channeled, 0 to 2 percent slopes",3810.9923782522555,300329.8319088265,0.012689356744984257
STORY-17,411320,485,"Spillville loam, 0 to 2 percent slopes, occasionally flooded",57103.12173004521,300329.8319088265,0.1901346974661527
STORY-17,411329,536,"Hanlon fine sandy loam, 0 to 2 percent slopes",11921.370867242675,300329.8319088265,0.0396942614440704
STORY-17,411330,54,"Zook silty clay loam, 0 to 2 percent slopes, occasionally flooded",126407.56876121016,300329.8319088265,0.4208958129726677
STORY-18,2765537,L138B,"Clarion loam, Bemis moraine, 2 to 6 percent slopes",20963.862529602186,175795.39583194724,0.11925148796071273
STORY-18,2800480,L55,"Nicollet loam, 1 to 3 percent slopes",44303.9718784962,175795.39583194724,0.25202009227163646
STORY-18,2835021,L107,"Webster clay loam, Bemis moraine, 0 to 2 percent slopes",12184.81708153889,175795.39583194724,0.06931249265018889
STORY-18,2877334,L138C2,"Clarion loam, Bemis moraine, 6 to 10 percent slopes, moderately eroded",49592.51248706294,175795.39583194724,0.28210359123666257
STORY-18,2916637,L638C2,"Clarion-Storden complex, Bemis moraine, 6 to 10 percent slopes, moderately eroded",8295.987311871526,175795.39583194724,0.047191152376949215
STORY-18,2916730,L62E2,"Storden loam, Bemis moraine, 10 to 22 percent slopes, moderately eroded",27374.292595290794,175795.39583194724,0.15571677782425786
STORY-18,411293,201B,"Coland-Terril complex, 1 to 5 percent slopes",3.2934620331145807,175795.39583194724,1.8734631914154267e-05
STORY-18,411341,L638D2,"Omsrud-Storden complex, Bemis moraine, 10 to 16 percent slopes, moderately eroded",13076.65848600427,175795.39583194724,0.07438567104740892
STORY-19,2765537,L138B,"Clarion loam, Bemis moraine, 2 to 6 percent slopes",31464.10519031111,355228.5619760857,0.08857425488333706
STORY-19,2800480,L55,"Nicollet loam, 1 to 3 percent slopes",50669.36630916277,355228.5619760857,0.14263877326557395
STORY-19,2834933,L236B,"Lester loam, Bemis moraine, 2 to 6 percent slopes",47745.83609357801,355228.5619760857,0.13440877565693127
STORY-19,2835021,L107,"Webster clay loam, Bemis moraine, 0 to 2 percent slopes",126826.17382526216,355228.5619760857,0.35702696066934
STORY-19,2835194,L95,"Harps clay loam, Bemis moraine, 0 to 2 percent slopes",17501.323457422433,355228.5619760857,0.04926778229786781
STORY-19,2993422,L168B,"Hayden loam, Bemis moraine, 2 to 6 percent slopes",12890.507494830294,355228.5619760857,0.03628792522516276
STORY-19,411313,356G,"Hayden-Storden loams, 25 to 50 percent slopes",1073.3055760454536,355228.5619760857,0.0030214506684789312
STORY-19,411314,L386,"Cordova clay loam, Bemis moraine, 0 to 2 percent slopes",67057.94402944611,355228.5619760857,0.18877407733323118
STORY-20,2765537,L138B,"Clarion loam, Bemis moraine, 2 to 6 percent slopes",205175.702087197,445514.03580019553,0.4605370102844848
STORY-20,2800480,L55,"Nicollet loam, 1 to 3 percent slopes",97407.77081585197,445514.03580019553,0.2186413064201135
STORY-20,2835021,L107,"Webster clay loam, Bemis moraine, 0 to 2 percent slopes",118276.9838790086,445514.03580019553,0.2654843043644388
STORY-20,2835194,L95,"Harps clay loam, Bemis moraine, 0 to 2 percent slopes",683.2473434554677,445514.03580019553,0.001533615752931948
STORY-20,2877334,L138C2,"Clarion loam, Bemis moraine, 6 to 10 percent slopes, moderately eroded",23516.76083083635,445514.03580019553,0.05278567888124441
STORY-20,2916702,L62D2,"Storden loam, Bemis moraine, 10 to 16 percent slopes, moderately eroded",60.43141100140015,445514.03580019553,0.00013564423597307824
STORY-20,2916730,L62E2,"Storden loam, Bemis moraine, 10 to 22 percent slopes, moderately eroded",365.2609823723129,445514.03580019553,0.0008198641412413894
STORY-20,2922031,L507,"Canisteo clay loam, Bemis moraine, 0 to 2 percent slopes",27.878450451471483,445514.03580019553,6.257591952495618e-05
STORY-21,2765537,L138B,"Clarion loam, Bemis moraine, 2 to 6 percent slopes",70232.12395011111,321860.66224644246,0.21820660984142182
STORY-21,2800480,L55,"Nicollet loam, 1 to 3 percent slopes",81276.03397810124,321860.66224644246,0.25251931506892183
STORY-21,2835021,L107,"Webster clay loam, Bemis moraine, 0 to 2 percent slopes",107388.73258614802,321860.66224644246,0.33364975960908994
STORY-21,2835194,L95,"Harps clay loam, Bemis moraine, 0 to 2 percent slopes",43104.007361746306,321860.66224644246,0.13392132813280053
STORY-21,2922031,L507,"Canisteo clay loam, Bemis moraine, 0 to 2 percent slopes",4481.31992056507,321860.66224644246,0.013923167526244043
STORY-21,411333,6,"Okoboji silty clay loam, 0 to 1 percent slopes",14393.181073265807,321860.66224644246,0.04471867103238987
STORY-21,411345,90,"Okoboji mucky silt loam, 0 to 1 percent slopes",985.263376525074,321860.66224644246,0.0030611487891946143
STORY-22,2765537,L138B,"Clarion loam, Bemis moraine, 2 to 6 percent slopes",97986.83323876753,168279.29743630442,0.5822869166414046
STORY-22,2800480,L55,"Nicollet loam, 1 to 3 percent slopes",18994.730221589758,168279.29743630442,0.11287621538103625
STORY-22,2835021,L107,"Webster clay loam, Bemis moraine, 0 to 2 percent slopes",14774.385230730744,168279.29743630442,0.08779680837640182
STORY-22,2877334,L138C2,"Clarion loam, Bemis moraine, 6 to 10 percent slopes, moderately eroded",15376.183789476216,168279.29743630442,0.09137299729514424
STORY-22,2916702,L62D2,"Storden loam, Bemis moraine, 10 to 16 percent slopes, moderately eroded",14960.284229198927,168279.29743630442,0.08890151347857606
STORY-22,2916730,L62E2,"Storden loam, Bemis moraine, 10 to 22 percent slopes, moderately eroded",4817.848616713145,168279.29743630442,0.02863007327765172
STORY-22,2916771,L62F,"Belview loam, Bemis moraine, 16 to 30 percent slopes",683.6384294832449,168279.29743630442,0.004062522484335957
STORY-22,411293,201B,"Coland-Terril complex, 1 to 5 percent slopes",685.3936803578895,168279.29743630442,0.0040729530655267835
STORY-23,2765537,L138B,"Clarion loam, Bemis moraine, 2 to 6 percent slopes",214590.84100085602,617210.6317732728,0.34767845846129913
STORY-23,2800480,L55,"Nicollet loam, 1 to 3 percent slopes",62165.472227009705,617210.6317732728,0.10072002818293266
STORY-23,2835021,L107,"Webster clay loam, Bemis moraine, 0 to 2 percent slopes",144813.69825726346,617210.6317732728,0.2346260592452976
STORY-23,2835194,L95,"Harps clay loam, Bemis moraine, 0 to 2 percent slopes",12820.139110014616,617210.6317732728,0.02077109247645622
STORY-23,2877301,L138C,"Clarion loam, Bemis moraine, 6 to 10 percent slopes",10174.333263252847,617210.6317732728,0.01648437784362455
STORY-23,2877334,L138C2,"Clarion loam, Bemis moraine, 6 to 10 percent slopes, moderately eroded",27349.74011417649,617210.6317732728,0.044311842191699626
STORY-23,2916637,L638C2,"Clarion-Storden complex, Bemis moraine, 6 to 10 percent slopes, moderately eroded",34152.36640901616,617210.6317732728,0.05533340589240166
STORY-23,2922031,L507,"Canisteo clay loam, Bemis moraine, 0 to 2 percent slopes",86452.83892478413,617210.6317732728,0.14007023611437378
STORY-23,411341,L638D2,"Omsrud-Storden complex, Bemis moraine, 10 to 16 percent slopes, moderately eroded",24691.20246679749,617210.6317732728,0.040004499591749745
STORY-24,2765537,L138B,"Clarion loam, Bemis moraine, 2 to 6 percent slopes",155149.3681607652,298848.245665995,0.5191577009763225
STORY-24,2800480,L55,"Nicollet loam, 1 to 3 percent slopes",80823.1061642159,298848.245665995,0.2704486552500867
STORY-24,2835021,L107,"Webster clay loam, Bemis moraine, 0 to 2 percent slopes",39865.477435101086,298848.245665995,0.13339706025798917
STORY-24,2877334,L138C2,"Clarion loam, Bemis moraine, 6 to 10 percent slopes, moderately eroded",12646.639082661935,298848.245665995,0.04231792980573938
STORY-24,2916702,L62D2,"Storden loam, Bemis moraine, 10 to 16 percent slopes, moderately eroded",7743.857486420539,298848.245665995,0.02591234045615041
STORY-24,411292,175C,"Dickinson fine sandy loam, 5 to 9 percent slopes",1221.3007776954385,298848.245665995,0.004086692143611959
STORY-24,411293,201B,"Coland-Terril complex, 1 to 5 percent slopes",313.6758238265989,298848.245665995,0.0010496157443640336
STORY-24,411304,253B,"Farrar fine sandy loam, 2 to 5 percent slopes",1084.8207353244104,298848.245665995,0.003630005365789734
STORY-25,2765537,L138B,"Clarion loam, Bemis moraine, 2 to 6 percent slopes",68852.14973499364,263073.8713467701,0.26172173383283803
STORY-25,2800480,L55,"Nicollet loam, 1 to 3 percent slopes",108612.72894390968,263073.8713467701,0.4128601916559859
STORY-25,2835021,L107,"Webster clay loam, Bemis moraine, 0 to 2 percent slopes",85608.99266786789,263073.8713467701,0.3254180745111803
